actual_sha256,adapter,candidate,check,expected_sha256,module,note,pass,tensor,trusted
,,factor_gaussian_lora,summary.family,,,,True,,factor_gaussian_lora
,,16,summary.population,,,,True,,16
,,8,summary.rank,,,,True,,8
,,0.0075,summary.sigma,,,,True,,0.0075
,,"q_proj,v_proj",summary.targets,,,,True,,"q_proj,v_proj"
,,16,summary.screen_prompts,,,,True,,16
,,32,summary.max_new_tokens,,,,True,,32
,,True,summary.stop_at_answer,,,,True,,True
,,True,summary.antithetic,,,,True,,True
,,,trusted.screen_holdout_overlap_zero,,,,True,,0
,,,candidate.screen_holdout_overlap_zero,,,,True,,0
,,,peft.base_screen_rows_present,,,,True,,results/backend_parity_gate_p16/peft/per_prompt.jsonl
,,,peft.base_holdout_rows_present,,,,True,,results/backend_parity_gate_p16/peft/holdout_per_prompt.jsonl
,,,vllm.base_screen_rows_present,,,,True,,results/backend_parity_gate_p16/vllm/per_prompt.jsonl
,,,vllm.base_holdout_rows_present,,,,True,,results/backend_parity_gate_p16/vllm/holdout_per_prompt.jsonl
525d0ae1ee7bc1400c3c6a7cb82b1feaaee4fd9f4c67246eabef8e619be1e102,randopt_seed1019282515_s0.0075_pos,factor_gaussian_lora:seed1019282515:s0.0075:sign1,,5ae6885bbfa3315e385618c36c833658ce747d499474c5ee692603e0b7aef503,model.layers.0.self_attn.q_proj,,False,lora_A,
47bca2b305b7a9f9bb6931ec31664ba849c4d65c0e1007080b9ac101143fe59b,randopt_seed1019282515_s0.0075_pos,factor_gaussian_lora:seed1019282515:s0.0075:sign1,,66022f5081d15bee9b06e26de46586abcd025a386126de33e4b6e43c18745dd8,model.layers.0.self_attn.q_proj,,False,lora_B,
c4d41a8cc8542c212408e65c42b5b33e1aa7327a8ed9d2b4a7f6639113fce9a5,randopt_seed1019282515_s0.0075_pos,factor_gaussian_lora:seed1019282515:s0.0075:sign1,,52e63f1ecb7d463bce4a685de857cef7f406064b6a8a9c941a107b934bac31de,model.layers.0.self_attn.v_proj,,False,lora_A,
4e96ce35b9508f42e0a9be28d1c6ed81f89a198f9d31f40743224dc865fbb94d,randopt_seed1019282515_s0.0075_pos,factor_gaussian_lora:seed1019282515:s0.0075:sign1,,2c5622c2b3e606fe57508ad20f649b50a7514b5b81c5e34799a6e916fc5fcb48,model.layers.0.self_attn.v_proj,,False,lora_B,
ad8d11d24feb39dea1bd65a4fe159afdf0b6f26c27285630ec0e76cf72aae027,randopt_seed1019282515_s0.0075_pos,factor_gaussian_lora:seed1019282515:s0.0075:sign1,,b312ada8aa73f2c11f09d36a5e1068424d3819f177dcbe94f4e5665a87a28173,model.layers.1.self_attn.q_proj,,False,lora_A,
4cdaaa9910ad32b9802c6406c8e387d2473bbd73ea00b7125f95e73e98c0d9b8,randopt_seed1019282515_s0.0075_pos,factor_gaussian_lora:seed1019282515:s0.0075:sign1,,033ec584a8c681153eb3eb26eec0cd507c7fbf4e6e9f952f8bd5ea7db02a479c,model.layers.1.self_attn.q_proj,,False,lora_B,
64a4141d2ef2b3f7167fa49be66b0bf2425a7b4d81523ba25960e2e666a372fe,randopt_seed1019282515_s0.0075_pos,factor_gaussian_lora:seed1019282515:s0.0075:sign1,,5ec882b3b9d95bf43c6d0ec97e58bcd72cf251843190df579fe9b2f446a2611b,model.layers.1.self_attn.v_proj,,False,lora_A,
8ac5a4f027f26fc01cf3f5f8e6aec09b7f41cb547e962eedddec67e1a63ba1ab,randopt_seed1019282515_s0.0075_pos,factor_gaussian_lora:seed1019282515:s0.0075:sign1,,8ac5a4f027f26fc01cf3f5f8e6aec09b7f41cb547e962eedddec67e1a63ba1ab,model.layers.1.self_attn.v_proj,,True,lora_B,
8c3d2c8acf9e4cef694f60dd47b3a305f0b7d51700197761d5bf89086523d652,randopt_seed1019282515_s0.0075_pos,factor_gaussian_lora:seed1019282515:s0.0075:sign1,,2201e21e9d7bcee0ae222ba225e0c2818542d4946d30d44fb6a4582a8fdd8727,model.layers.2.self_attn.q_proj,,False,lora_A,
d1c17b31a6ff1267e443a6c7c9da65f78306b7e2cd3567b699ae2a7024cd48f8,randopt_seed1019282515_s0.0075_pos,factor_gaussian_lora:seed1019282515:s0.0075:sign1,,d573b531828580ffb8a58c72d1906011fad997c6ad71a9fccb861c83d540a216,model.layers.2.self_attn.q_proj,,False,lora_B,
e7d201c1432411bf68100487ce590140340823e1c9573ffed73310462fc94683,randopt_seed1019282515_s0.0075_pos,factor_gaussian_lora:seed1019282515:s0.0075:sign1,,63088edb484a9acefbe0d813ea848abb62404207bf12437558add4a224e6ab83,model.layers.2.self_attn.v_proj,,False,lora_A,
700c3ed184ac21f3719550f1daa198e224e0cb31faef119f72bd1e5f089220da,randopt_seed1019282515_s0.0075_pos,factor_gaussian_lora:seed1019282515:s0.0075:sign1,,ffa1c3ab0aee892c6a205acc400fb19f134802868e6a45fcdf67d2bb412a284c,model.layers.2.self_attn.v_proj,,False,lora_B,
1a41f7553665aa853acf5ddb7a7618324cd13d3d0317ec19868b8574a25a7586,randopt_seed1019282515_s0.0075_pos,factor_gaussian_lora:seed1019282515:s0.0075:sign1,,0b7c536b36229cd18d71c5b6c1e5e76851e24f28ff7344bc575ca8fd6837e001,model.layers.3.self_attn.q_proj,,False,lora_A,
773f839356ca46fae2a4c6a748cde1133d8d5ec9c93211376ba0e66ff96adefb,randopt_seed1019282515_s0.0075_pos,factor_gaussian_lora:seed1019282515:s0.0075:sign1,,2810dbb8dcc8343f341608a495f6c92b1558e8270965d9cb6e8eb00d1f8d3feb,model.layers.3.self_attn.q_proj,,False,lora_B,
0f93d3d411d12152b5575145ab28a83a2dda1979085a74976c86fbf746ff724e,randopt_seed1019282515_s0.0075_pos,factor_gaussian_lora:seed1019282515:s0.0075:sign1,,2b86d4d3cf2135d8a9e40656b0705c658e8d0d6e14b88e4204d97895b997855b,model.layers.3.self_attn.v_proj,,False,lora_A,
0cb4c33edd12b763da4a7995e8dbeb71b48611cad61337b74494b0d67061bea2,randopt_seed1019282515_s0.0075_pos,factor_gaussian_lora:seed1019282515:s0.0075:sign1,,0cb4c33edd12b763da4a7995e8dbeb71b48611cad61337b74494b0d67061bea2,model.layers.3.self_attn.v_proj,,True,lora_B,
37b7c8880bdac477f5ae82865607d7b19daca90cb9ca43ba90e06225e2dbf16d,randopt_seed1019282515_s0.0075_pos,factor_gaussian_lora:seed1019282515:s0.0075:sign1,,d419ce7f34bf66d47e8d047aeaf6b23420d5a763a71b815754c77ff4a0fc03cb,model.layers.4.self_attn.q_proj,,False,lora_A,
0cef9d2c9666cdd6f50e60d2f48f3fff25149c8b08182eb3869352028f0230eb,randopt_seed1019282515_s0.0075_pos,factor_gaussian_lora:seed1019282515:s0.0075:sign1,,482b858640ee9e911ce2c2ee7aeb4330375c665777fa4e8516b8fedb0072f74c,model.layers.4.self_attn.q_proj,,False,lora_B,
a819c52554f9cd3e793dcafd49312cfe4d1a231ed05b076b490eabcaca4b7537,randopt_seed1019282515_s0.0075_pos,factor_gaussian_lora:seed1019282515:s0.0075:sign1,,50c1b66da8fcc02320b0aa6009292604c7ed4c23e13bdaf684bff24949e9f3a2,model.layers.4.self_attn.v_proj,,False,lora_A,
d4a302c88557397e508c35f981f225b8f8421960d893079aacffb1448ed8a3a0,randopt_seed1019282515_s0.0075_pos,factor_gaussian_lora:seed1019282515:s0.0075:sign1,,d4a302c88557397e508c35f981f225b8f8421960d893079aacffb1448ed8a3a0,model.layers.4.self_attn.v_proj,,True,lora_B,
7b141c7d54a5ca371ffa558786eb93614ec03597b8402357630e178a33ec50d6,randopt_seed1019282515_s0.0075_pos,factor_gaussian_lora:seed1019282515:s0.0075:sign1,,26c45003be29773bee19950db72b4c749a7ec905fdbf5b4fedfe36aa41976ba2,model.layers.5.self_attn.q_proj,,False,lora_A,
dd495d4582e18fae366caa240a3b3422f08dde1bfa23a779e30a496cb71a28fe,randopt_seed1019282515_s0.0075_pos,factor_gaussian_lora:seed1019282515:s0.0075:sign1,,d129e009cf0d863367ea31e7d375cc1b3d620598e599509af88d191544e1643c,model.layers.5.self_attn.q_proj,,False,lora_B,
8dc5beba5a6b8e602855ff9a8d3c85903a8b50b6435e4c9e03e4bae05882fa9b,randopt_seed1019282515_s0.0075_pos,factor_gaussian_lora:seed1019282515:s0.0075:sign1,,daa8f8a8b16cbc372180df1f5ed45d00aa81d5baaa3a0f9bb3b3d8d5be382078,model.layers.5.self_attn.v_proj,,False,lora_A,
d3bc0188d50855509ff63eefdda45fa78c6988e2066561ede811aff4e40ef312,randopt_seed1019282515_s0.0075_pos,factor_gaussian_lora:seed1019282515:s0.0075:sign1,,d3bc0188d50855509ff63eefdda45fa78c6988e2066561ede811aff4e40ef312,model.layers.5.self_attn.v_proj,,True,lora_B,
078a903f49c7611ca6594bdf345a9f49de8e484f2025239a9f76b0414a9dc0a3,randopt_seed1019282515_s0.0075_pos,factor_gaussian_lora:seed1019282515:s0.0075:sign1,,7e827c7d4254ec1b54b4b2562fda3080589f7b199dcfc085aecd028857affbad,model.layers.6.self_attn.q_proj,,False,lora_A,
5a0ce8434d63e868afa9cf12818d44be22a0851845918f1aae805a28b5599894,randopt_seed1019282515_s0.0075_pos,factor_gaussian_lora:seed1019282515:s0.0075:sign1,,f5d2fbbfcc41181b80657c38a12b34f65d9df83934fe370330e29784ca62f567,model.layers.6.self_attn.q_proj,,False,lora_B,
299278f6b9db1890c047a569039320970f217328e536a0ef6efdf9439bd60734,randopt_seed1019282515_s0.0075_pos,factor_gaussian_lora:seed1019282515:s0.0075:sign1,,c8980b9a0d48c2b1cdb1e7658beb511a0a5f14ed829a28c31ffc92b40af52b0b,model.layers.6.self_attn.v_proj,,False,lora_A,
1206a7b4b370c964e4cabb5ac597342285b3115a3f8e1f074472e516f43125a5,randopt_seed1019282515_s0.0075_pos,factor_gaussian_lora:seed1019282515:s0.0075:sign1,,1206a7b4b370c964e4cabb5ac597342285b3115a3f8e1f074472e516f43125a5,model.layers.6.self_attn.v_proj,,True,lora_B,
d9de10a1e840bceaae502884e92000bb5dbcf9641de8f6c2723a25deac931c14,randopt_seed1019282515_s0.0075_pos,factor_gaussian_lora:seed1019282515:s0.0075:sign1,,40d7a1f9e656c02af726a65d2aeb7efc943f0e8f5aac5a7cb7c544932978d497,model.layers.7.self_attn.q_proj,,False,lora_A,
1e952c355b9627733bf5993df907eb32995c4af230cc54092f6d8d0aa5789f43,randopt_seed1019282515_s0.0075_pos,factor_gaussian_lora:seed1019282515:s0.0075:sign1,,3c57e4b30f28220f5fdea6509a1d2f60bfad6bedfec34913166b86cb6781f7f6,model.layers.7.self_attn.q_proj,,False,lora_B,
1be7a7bda00c7834b4a5653753af9c92d89ea90eaa6cdb58cbd1efcb14d13ca0,randopt_seed1019282515_s0.0075_pos,factor_gaussian_lora:seed1019282515:s0.0075:sign1,,118ca0ed2de4114aa978d7904700b40c8a5ec400b5c0a08682899c855ed56b69,model.layers.7.self_attn.v_proj,,False,lora_A,
7a7d763440f839757ba87afe4b5f2c9ff2c36caf7d3d121d43db7cf8648e0479,randopt_seed1019282515_s0.0075_pos,factor_gaussian_lora:seed1019282515:s0.0075:sign1,,7a7d763440f839757ba87afe4b5f2c9ff2c36caf7d3d121d43db7cf8648e0479,model.layers.7.self_attn.v_proj,,True,lora_B,
eea4c0996369e2271f46d99b5d8c475747e87677803a7df16536ea1913ea977a,randopt_seed1019282515_s0.0075_pos,factor_gaussian_lora:seed1019282515:s0.0075:sign1,,a9c629d724cafa56a149d3f7ee76d79c45b6dfd0f6d28c4970d664e4143367ca,model.layers.8.self_attn.q_proj,,False,lora_A,
aa8069cb55b283c8f92f90ce86e11cf3315e202ecb2c1b4137569a7d86176d8a,randopt_seed1019282515_s0.0075_pos,factor_gaussian_lora:seed1019282515:s0.0075:sign1,,7e8f788563b2921a345ba67cc7bdb4aeea9eccb1b0b334ea4358f01693bb9681,model.layers.8.self_attn.q_proj,,False,lora_B,
6161e381d25cfc19e5ca2233d276ed6f25d779586af3394cb6f691975fe7e1da,randopt_seed1019282515_s0.0075_pos,factor_gaussian_lora:seed1019282515:s0.0075:sign1,,d639a3eff581db8ac975d95a4c6695ca8f48e712b64b58b88a3dff5a2f07985f,model.layers.8.self_attn.v_proj,,False,lora_A,
0fcfb7bda9f553835c361c3f6e3f23ae0476cdb65b0be41a2821e1ba1ca890a4,randopt_seed1019282515_s0.0075_pos,factor_gaussian_lora:seed1019282515:s0.0075:sign1,,0fcfb7bda9f553835c361c3f6e3f23ae0476cdb65b0be41a2821e1ba1ca890a4,model.layers.8.self_attn.v_proj,,True,lora_B,
96fd29bfdd7fc5d8075727e427964bce614cdb40acb916161d60857a4186230f,randopt_seed1019282515_s0.0075_pos,factor_gaussian_lora:seed1019282515:s0.0075:sign1,,c557a84a6739c91a2a2d5d36fd2644a10b2c95042a71caa77a06b72718c64366,model.layers.9.self_attn.q_proj,,False,lora_A,
56eff80951c7ddc2d0c3cb034ff4959cb623ac238a68fd674cb9735d6120f7ed,randopt_seed1019282515_s0.0075_pos,factor_gaussian_lora:seed1019282515:s0.0075:sign1,,0467f0032cbf4dbe7169eaca67e750b2a9a174414cc649997908d6e2d3c8151f,model.layers.9.self_attn.q_proj,,False,lora_B,
7a9eef44fd321a7e6289cc4dbd311b720b2cbc526a8bd878aa11ecb649fbfe02,randopt_seed1019282515_s0.0075_pos,factor_gaussian_lora:seed1019282515:s0.0075:sign1,,06ddadd378a675c1923dde98cbb332ff2683f825580e672b326dd438741a185e,model.layers.9.self_attn.v_proj,,False,lora_A,
40f9f3cc9551f5c94ca4746e7e3b7696ec30bea2379eaff2180890f737f351a1,randopt_seed1019282515_s0.0075_pos,factor_gaussian_lora:seed1019282515:s0.0075:sign1,,5ab023599541f96cffcaf630176c6d1aaff18c0a86fd69eaba944388e6c611c3,model.layers.9.self_attn.v_proj,,False,lora_B,
c98802398c613676479e2ee726ce87e99a192ae04bbcf56ed7eafad5d10d1107,randopt_seed1019282515_s0.0075_pos,factor_gaussian_lora:seed1019282515:s0.0075:sign1,,c98802398c613676479e2ee726ce87e99a192ae04bbcf56ed7eafad5d10d1107,model.layers.10.self_attn.q_proj,,True,lora_A,
3c7bd596c006d0332c297ab4b57fcfc158f78dfe96d46042bc91b1b193da53db,randopt_seed1019282515_s0.0075_pos,factor_gaussian_lora:seed1019282515:s0.0075:sign1,,bf10184b00ffc1a92b4d12f246dca1436bde0ab71edc5273d2fadb32d5e9d0aa,model.layers.10.self_attn.q_proj,,False,lora_B,
50124ab2f1c68ca141d1e9084db957e5951ac06077593a14cd796e894b368f84,randopt_seed1019282515_s0.0075_pos,factor_gaussian_lora:seed1019282515:s0.0075:sign1,,50124ab2f1c68ca141d1e9084db957e5951ac06077593a14cd796e894b368f84,model.layers.10.self_attn.v_proj,,True,lora_A,
802048ede9db342856188b49db283c1a4248f05474d2254d451eaab0b6477159,randopt_seed1019282515_s0.0075_pos,factor_gaussian_lora:seed1019282515:s0.0075:sign1,,802048ede9db342856188b49db283c1a4248f05474d2254d451eaab0b6477159,model.layers.10.self_attn.v_proj,,True,lora_B,
a896cf86a39d727e29c3d31ae2fc7402f43936722f3422ffe2afddfdc14f56ca,randopt_seed1019282515_s0.0075_pos,factor_gaussian_lora:seed1019282515:s0.0075:sign1,,3b5d3926b140cabd2bb7df20e964eb1c20f94dabbed9238a405dcdcc4aad00a5,model.layers.11.self_attn.q_proj,,False,lora_A,
2a4e900473c72d8b295cd45790beeb4a2b39161c773d4967f08d5e46c039d7dc,randopt_seed1019282515_s0.0075_pos,factor_gaussian_lora:seed1019282515:s0.0075:sign1,,2549a76beb0f7e8d9dfad16c3f3db85b0d57f2033a5e1dd5da9164061d556933,model.layers.11.self_attn.q_proj,,False,lora_B,
d7f513c37dd593ba0f27f94079a56e298088e5de84fadb0d2dbc5ad00c3d1f5c,randopt_seed1019282515_s0.0075_pos,factor_gaussian_lora:seed1019282515:s0.0075:sign1,,e6c60e8798f85d363cacb16667f3497521a26d07fc7b8ddb0955bf12f2483c7e,model.layers.11.self_attn.v_proj,,False,lora_A,
01481aa05b48e5254593d20e8c9af5d705d614dc157bd3f395bbcb6490c994b9,randopt_seed1019282515_s0.0075_pos,factor_gaussian_lora:seed1019282515:s0.0075:sign1,,01481aa05b48e5254593d20e8c9af5d705d614dc157bd3f395bbcb6490c994b9,model.layers.11.self_attn.v_proj,,True,lora_B,
1271b14fa96078a6868034d88eb739ba5040dc8d4ccc155ea3e6a5db331a0623,randopt_seed1019282515_s0.0075_pos,factor_gaussian_lora:seed1019282515:s0.0075:sign1,,a767142270ce03b7c553295e19561cdbce84b7b38eed2b7548148d992786e7ef,model.layers.12.self_attn.q_proj,,False,lora_A,
2f5d44b9b80f13e2979aeb39a8be77a672822af78afcbdb0a953d52656ad63fe,randopt_seed1019282515_s0.0075_pos,factor_gaussian_lora:seed1019282515:s0.0075:sign1,,0cdc2e1f388394973bcbe1f97980fee9abe89bd5aac1806812919dfd000c7adf,model.layers.12.self_attn.q_proj,,False,lora_B,
5ae63e19a18a7cfcd482addeebd63225559c2ce8a3df7f006db85f12b09fa6aa,randopt_seed1019282515_s0.0075_pos,factor_gaussian_lora:seed1019282515:s0.0075:sign1,,dc65a0416253fff09e46002034a253721d3cd79fd99723cf4623d599b8d3c543,model.layers.12.self_attn.v_proj,,False,lora_A,
ed654c82a48476d3d5eaa2db651cd87d3380c8a0c7e0d96bf08b21c9a45cb6db,randopt_seed1019282515_s0.0075_pos,factor_gaussian_lora:seed1019282515:s0.0075:sign1,,ed654c82a48476d3d5eaa2db651cd87d3380c8a0c7e0d96bf08b21c9a45cb6db,model.layers.12.self_attn.v_proj,,True,lora_B,
48cb929390724f4a8ecafa22375bd70f9eb56c859aefc889992db52d1b1aa829,randopt_seed1019282515_s0.0075_pos,factor_gaussian_lora:seed1019282515:s0.0075:sign1,,72f0b190c657e03ada9f39fee1e29224356c2b1cc13416a3665d2a4cc548cf69,model.layers.13.self_attn.q_proj,,False,lora_A,
0cd2a220327df9f1da2ce027377273d8d3463ab6f935a66ec94b9a0545f12105,randopt_seed1019282515_s0.0075_pos,factor_gaussian_lora:seed1019282515:s0.0075:sign1,,0cd2a220327df9f1da2ce027377273d8d3463ab6f935a66ec94b9a0545f12105,model.layers.13.self_attn.q_proj,,True,lora_B,
f6940869dbda76b3024b65776ddb903006b67fbd8d8f2542537f846d5f9ddda3,randopt_seed1019282515_s0.0075_pos,factor_gaussian_lora:seed1019282515:s0.0075:sign1,,b090b21bf0b3225adec2637d7315cc967a3fff3ec5c8a02d7c39992026e7fe46,model.layers.13.self_attn.v_proj,,False,lora_A,
7e8ea514462cedfc9e80b5bd38583ecc307c259c5222d6a60086684f550ee6f8,randopt_seed1019282515_s0.0075_pos,factor_gaussian_lora:seed1019282515:s0.0075:sign1,,7e8ea514462cedfc9e80b5bd38583ecc307c259c5222d6a60086684f550ee6f8,model.layers.13.self_attn.v_proj,,True,lora_B,
2e96e84b9569dda9bc9ef06ee327426185774725b8a47fb370e7c46c5f216c92,randopt_seed1019282515_s0.0075_pos,factor_gaussian_lora:seed1019282515:s0.0075:sign1,,4d3863e72df9d63b17e57c4babb3db98e939092e34e233e3f60de4543621cc0c,model.layers.14.self_attn.q_proj,,False,lora_A,
97d8a1d50ef61a377e0bf3911aafbc84b2d3fa73442747643c586f8b45800643,randopt_seed1019282515_s0.0075_pos,factor_gaussian_lora:seed1019282515:s0.0075:sign1,,97d8a1d50ef61a377e0bf3911aafbc84b2d3fa73442747643c586f8b45800643,model.layers.14.self_attn.q_proj,,True,lora_B,
13cdcf4267e4131ad1e2b7991eac32638ad7964f74bbc96e6fe312299c8b9ec6,randopt_seed1019282515_s0.0075_pos,factor_gaussian_lora:seed1019282515:s0.0075:sign1,,13cdcf4267e4131ad1e2b7991eac32638ad7964f74bbc96e6fe312299c8b9ec6,model.layers.14.self_attn.v_proj,,True,lora_A,
20c735f5b8a1a13523b9fdd13e4c14164559fa18b43d9bb8c568c7d61bc0bc02,randopt_seed1019282515_s0.0075_pos,factor_gaussian_lora:seed1019282515:s0.0075:sign1,,20c735f5b8a1a13523b9fdd13e4c14164559fa18b43d9bb8c568c7d61bc0bc02,model.layers.14.self_attn.v_proj,,True,lora_B,
9cfe9762372f51c1be7bb948391c363e74c242a31da8ba7e7bb98de9b59045d6,randopt_seed1019282515_s0.0075_pos,factor_gaussian_lora:seed1019282515:s0.0075:sign1,,abba085dbc889d3b1188accd984fe9b87899a54ca1fe4557d3b109022b4ea572,model.layers.15.self_attn.q_proj,,False,lora_A,
62d4507f1ccb9e282ece2457e6231314016704494118a312d1fa8ede40103a44,randopt_seed1019282515_s0.0075_pos,factor_gaussian_lora:seed1019282515:s0.0075:sign1,,9b7d581bfa63a93f0a9fcc1fe9362985a073661e051289fd351b86d84270df13,model.layers.15.self_attn.q_proj,,False,lora_B,
67ff69a7830f235d8412a58f4bca16dcbdf69ab48f6e015953acd20520312e4c,randopt_seed1019282515_s0.0075_pos,factor_gaussian_lora:seed1019282515:s0.0075:sign1,,fc7486a70fa360137b00f7f6faa0a42267e32da155253406d4bb7fe3b437f6b0,model.layers.15.self_attn.v_proj,,False,lora_A,
77af344a61d75485356b5d89bc07d5fd867936af579c4a1538e502262d8b4107,randopt_seed1019282515_s0.0075_pos,factor_gaussian_lora:seed1019282515:s0.0075:sign1,,2397a3b4505c483b6cfc1a043f3d1529ea054e210a58e86730d20583df05932a,model.layers.15.self_attn.v_proj,,False,lora_B,
bb94bdb71f4bd639126ae79797a76dd6592e512da9670b006c2534295614e08a,randopt_seed1019282515_s0.0075_pos,factor_gaussian_lora:seed1019282515:s0.0075:sign1,,221b73002ad643f1cbf2f924cececc3a074b188ee3f53deff70b9b15f533a143,model.layers.16.self_attn.q_proj,,False,lora_A,
fc317d438dad896899b6fdaa894016983094165281c263fcf15a797a921dd027,randopt_seed1019282515_s0.0075_pos,factor_gaussian_lora:seed1019282515:s0.0075:sign1,,b1ef982f03ac2331983b5535100123c95f6f906ed31289c9b8113689f981bf72,model.layers.16.self_attn.q_proj,,False,lora_B,
04feece33ec20c40b11ec8e1a379f03a884069ccd8068d5a0c30fa966de48677,randopt_seed1019282515_s0.0075_pos,factor_gaussian_lora:seed1019282515:s0.0075:sign1,,4ce405dc31c7e8036881d09507271fc3c0331ad659fb52966ec386be80d9a02b,model.layers.16.self_attn.v_proj,,False,lora_A,
8c03ce1832ed826dc86c6a2276b60abae2153afa08e42d99246c7303116ac292,randopt_seed1019282515_s0.0075_pos,factor_gaussian_lora:seed1019282515:s0.0075:sign1,,8c03ce1832ed826dc86c6a2276b60abae2153afa08e42d99246c7303116ac292,model.layers.16.self_attn.v_proj,,True,lora_B,
638a6f264c7ee97b3b52c61d197b831f2bfc13aa3eb4c9a36782762020788beb,randopt_seed1019282515_s0.0075_pos,factor_gaussian_lora:seed1019282515:s0.0075:sign1,,d409a752b7f5c344a997280854a46feb39658fa7ac48edf55b914926134b3fd7,model.layers.17.self_attn.q_proj,,False,lora_A,
ed9a450694d7d4c6795b4bf42b0f729b9759e811ccc83ea35a6ec6b1c3a168cb,randopt_seed1019282515_s0.0075_pos,factor_gaussian_lora:seed1019282515:s0.0075:sign1,,25ea052d26ec7941889282ccfe29ee0bd9d5bc34864c10715fff38197a900dac,model.layers.17.self_attn.q_proj,,False,lora_B,
8e9932e9ffd1241c5c80c3786e712281f7c6a5b2dea8d14095416fe9ff779d75,randopt_seed1019282515_s0.0075_pos,factor_gaussian_lora:seed1019282515:s0.0075:sign1,,dcf7a6513e5850ced9f03da53c2afebf72edcbe75588b35bfe8fef722c2560bf,model.layers.17.self_attn.v_proj,,False,lora_A,
7193ddf09d0e0636c51b9cd3f63ebdeed6aadd63474c8fc1488ed32b6e907967,randopt_seed1019282515_s0.0075_pos,factor_gaussian_lora:seed1019282515:s0.0075:sign1,,7193ddf09d0e0636c51b9cd3f63ebdeed6aadd63474c8fc1488ed32b6e907967,model.layers.17.self_attn.v_proj,,True,lora_B,
43541f1ac0bbfba69169e78d3234493b760db19ec4bd55149d445428426b2285,randopt_seed1019282515_s0.0075_pos,factor_gaussian_lora:seed1019282515:s0.0075:sign1,,052c5ca3c109293bf9476e1e82b78175bdb959cb86d329790ebd94d84fd96563,model.layers.18.self_attn.q_proj,,False,lora_A,
d1bdfa88c3ae54819fabf4ebfd36ec4cc1aca110a934f5b6fbf055197b8aa94b,randopt_seed1019282515_s0.0075_pos,factor_gaussian_lora:seed1019282515:s0.0075:sign1,,11235e63274eb4b21354e8db80ed30689cba697bce499f338ea299a90fe34bd9,model.layers.18.self_attn.q_proj,,False,lora_B,
278f440807f4ca36923cca128393b7c437c7ace47495cb19c41b40814878278f,randopt_seed1019282515_s0.0075_pos,factor_gaussian_lora:seed1019282515:s0.0075:sign1,,278f440807f4ca36923cca128393b7c437c7ace47495cb19c41b40814878278f,model.layers.18.self_attn.v_proj,,True,lora_A,
283a8edf7ddf274e9fe20ecf6a973fdf3c7aa8f628861834e20e09d65cf7b60d,randopt_seed1019282515_s0.0075_pos,factor_gaussian_lora:seed1019282515:s0.0075:sign1,,283a8edf7ddf274e9fe20ecf6a973fdf3c7aa8f628861834e20e09d65cf7b60d,model.layers.18.self_attn.v_proj,,True,lora_B,
375601993f91d4ecb63694192505eeda4d1c17ae67736c68f1b11038f176b53d,randopt_seed1019282515_s0.0075_pos,factor_gaussian_lora:seed1019282515:s0.0075:sign1,,cd11bfd570bfa5d4c6a5f83b34fe1a9869bf83b52ee10aa667590ef8d5505fd7,model.layers.19.self_attn.q_proj,,False,lora_A,
172ab411995f6797e5246f99398c51a11d90696386b1e7ac1f54d53b20621717,randopt_seed1019282515_s0.0075_pos,factor_gaussian_lora:seed1019282515:s0.0075:sign1,,ed4771035a174495a201103b1e99b29b464fce05161073bb5e8b2864ef5b1978,model.layers.19.self_attn.q_proj,,False,lora_B,
b9222f6588aa953df4c7dd5eb1775355ccf403e61c21fbe5eca18d23db7b8d19,randopt_seed1019282515_s0.0075_pos,factor_gaussian_lora:seed1019282515:s0.0075:sign1,,b9222f6588aa953df4c7dd5eb1775355ccf403e61c21fbe5eca18d23db7b8d19,model.layers.19.self_attn.v_proj,,True,lora_A,
1fe456bc405db427ff45850af81c167a60dcdf0e93ff473baf8f68dc525da1cc,randopt_seed1019282515_s0.0075_pos,factor_gaussian_lora:seed1019282515:s0.0075:sign1,,d0c4b411bd1a4f4866118b5c07a395f85690d9bc86f40ea9d03a973044f5620e,model.layers.19.self_attn.v_proj,,False,lora_B,
87ce0cbc433955f28358b74f2f5fe1dd079baa34b6c3baf911fb92fc44a3016c,randopt_seed1019282515_s0.0075_pos,factor_gaussian_lora:seed1019282515:s0.0075:sign1,,7839ecdb955caf946faf690f8a34e5591303fdad13eae586cbaf51e34129ae86,model.layers.20.self_attn.q_proj,,False,lora_A,
5b4beec292f9d72c954a2b4245ebb306dd367f168f449759d2a13f9ecc4802d5,randopt_seed1019282515_s0.0075_pos,factor_gaussian_lora:seed1019282515:s0.0075:sign1,,6fe37b590c64486bb6d7508cb0667af40a918f0c500181b2bdd234a1d86bb494,model.layers.20.self_attn.q_proj,,False,lora_B,
26b22090226f2054de2b6045bf6a88b711e56c3250bd05be7806b41beeab7698,randopt_seed1019282515_s0.0075_pos,factor_gaussian_lora:seed1019282515:s0.0075:sign1,,8307d546d9751ca9d4cc1e636171e386a1581061bb5a3989f8242d458348d11d,model.layers.20.self_attn.v_proj,,False,lora_A,
a7033f4fb6477d27688a0b851dcab8994acf85e91fa893df5c162063f311f0a8,randopt_seed1019282515_s0.0075_pos,factor_gaussian_lora:seed1019282515:s0.0075:sign1,,d1c9c8f11a72bb7cd1601e180460091eb89d47c2d9de3baa7425ecf2e50412a2,model.layers.20.self_attn.v_proj,,False,lora_B,
2ad339243a4cd4294ca0da5c66d41c790b14f204c435c54e38988558d33dee7b,randopt_seed1019282515_s0.0075_pos,factor_gaussian_lora:seed1019282515:s0.0075:sign1,,43973aba38cfec288edff77a4895468e98b20eeb0717817a9467b8b993e7d7a2,model.layers.21.self_attn.q_proj,,False,lora_A,
e8dd9c2d49aa1da451941f9f75acbddf2f3885496170e52b113647cd2b650759,randopt_seed1019282515_s0.0075_pos,factor_gaussian_lora:seed1019282515:s0.0075:sign1,,24c8fad3755a2409572b62be6b4ae2e835767dd459ad55732bc45bb91805da89,model.layers.21.self_attn.q_proj,,False,lora_B,
9192749b5a6f7f7339ac9be597286acd397302573e660171eefc8c79556db1df,randopt_seed1019282515_s0.0075_pos,factor_gaussian_lora:seed1019282515:s0.0075:sign1,,9d8037ef0c75b81c40f9107686cf29c7cb5490d6906e0e7d646c4b6971d74572,model.layers.21.self_attn.v_proj,,False,lora_A,
9d57b30eb87f948f3be39f807e8600e7a737a3ef59bbc576b7af854b59b5e768,randopt_seed1019282515_s0.0075_pos,factor_gaussian_lora:seed1019282515:s0.0075:sign1,,6a3b1b5f00135398ec18a39b9548e3cf428b587d289e9bf1265d6a1b35372469,model.layers.21.self_attn.v_proj,,False,lora_B,
af01bda60ec5fcb4f128b20917e5272ed2adb6d0870d134f53a8ca8b09027638,randopt_seed1019282515_s0.0075_pos,factor_gaussian_lora:seed1019282515:s0.0075:sign1,,a1a2349ac1a0157e63298e05d54b888fb8da90f123238d22c4647f3379c8414f,model.layers.22.self_attn.q_proj,,False,lora_A,
886b5597bd723dea5dc613d4b2758ca61459c1544cd7cca2cd0db79173c23219,randopt_seed1019282515_s0.0075_pos,factor_gaussian_lora:seed1019282515:s0.0075:sign1,,be39758c1638d2b08d47f9b35d02ea528b2b8a4c0959aa0e8ca8f8248e56095b,model.layers.22.self_attn.q_proj,,False,lora_B,
e01c8e04b9d3c43b8732b2da16504bd06e1de4df51fe12fa554b9db53b618fc9,randopt_seed1019282515_s0.0075_pos,factor_gaussian_lora:seed1019282515:s0.0075:sign1,,af198e7d3a7471f25824f830ad73c4661b9c3612ba25b101c8b620bb22bc5812,model.layers.22.self_attn.v_proj,,False,lora_A,
a8492d5999a8713f91a8fb57d88e29dabb16374d198af25a54fe336cf90b34b5,randopt_seed1019282515_s0.0075_pos,factor_gaussian_lora:seed1019282515:s0.0075:sign1,,a8492d5999a8713f91a8fb57d88e29dabb16374d198af25a54fe336cf90b34b5,model.layers.22.self_attn.v_proj,,True,lora_B,
dfcc53fe4937d961bfde1f48f24fc69c9ec9b80a14be1acc9c3bff1218a6653c,randopt_seed1019282515_s0.0075_pos,factor_gaussian_lora:seed1019282515:s0.0075:sign1,,72f4bfc6666def163c206db911d2c66bd234598eddf11cb3b03534b32fd55ef0,model.layers.23.self_attn.q_proj,,False,lora_A,
c6a26871b114b8a5f20d8f3041c8cc38063d2715af8c03bf67529bbeb43692d6,randopt_seed1019282515_s0.0075_pos,factor_gaussian_lora:seed1019282515:s0.0075:sign1,,c6a26871b114b8a5f20d8f3041c8cc38063d2715af8c03bf67529bbeb43692d6,model.layers.23.self_attn.q_proj,,True,lora_B,
9742d159882965d5e7e696e0af77471212796127a0e443e390957172139468e0,randopt_seed1019282515_s0.0075_pos,factor_gaussian_lora:seed1019282515:s0.0075:sign1,,1ec2379cb0e2fe9832a6f75e10d41428e27258ff11b297715f2a1dd1751feb28,model.layers.23.self_attn.v_proj,,False,lora_A,
f7f970e999030cb26560c8ceceee570ff548882f747883eb44e773369869fa8b,randopt_seed1019282515_s0.0075_pos,factor_gaussian_lora:seed1019282515:s0.0075:sign1,,f7f970e999030cb26560c8ceceee570ff548882f747883eb44e773369869fa8b,model.layers.23.self_attn.v_proj,,True,lora_B,
da5be1f2086c2cee3dc42927a4f764e21a008d3d1e7a4b9f3eefb33acff5e3fc,randopt_seed1019282515_s0.0075_pos,factor_gaussian_lora:seed1019282515:s0.0075:sign1,,da5be1f2086c2cee3dc42927a4f764e21a008d3d1e7a4b9f3eefb33acff5e3fc,model.layers.24.self_attn.q_proj,,True,lora_A,
451e4119fe490fa04a4049a827c2ce82bea71066f9c6a40695a530098a3654ec,randopt_seed1019282515_s0.0075_pos,factor_gaussian_lora:seed1019282515:s0.0075:sign1,,6cb83f5c4cf5f03fd1e4f3045c1ab8c8bb619e88734b1c226dd52755d2732fc9,model.layers.24.self_attn.q_proj,,False,lora_B,
1cb412fd9a97fed56286ca5e15565c3920d157680f1817f899f9b05da7a70735,randopt_seed1019282515_s0.0075_pos,factor_gaussian_lora:seed1019282515:s0.0075:sign1,,fb3f86123f2a5025d4050a0c84fb829e98b570498f37257cad3339e0f107c113,model.layers.24.self_attn.v_proj,,False,lora_A,
09620d0fd24b45aabdfbad02856f38865c0a452b50e0e4b7cc0bdae26e801475,randopt_seed1019282515_s0.0075_pos,factor_gaussian_lora:seed1019282515:s0.0075:sign1,,ed01b1cc278f6be0aad6bd79057a9076c0a0483dbfb487031f048c96c523ec28,model.layers.24.self_attn.v_proj,,False,lora_B,
30db15681b9116135b2f3f322f12b341750cc63ac8f0c4e87d3b64dafd3d2a14,randopt_seed1019282515_s0.0075_pos,factor_gaussian_lora:seed1019282515:s0.0075:sign1,,78094bfb4c00a5b1b4057f7f238022a5b720e4cf5045c945e3a293532bd570e8,model.layers.25.self_attn.q_proj,,False,lora_A,
08d9b487615255eae4741b078f3880b1087b975c4d97589f3c2d54f03b66d523,randopt_seed1019282515_s0.0075_pos,factor_gaussian_lora:seed1019282515:s0.0075:sign1,,08d9b487615255eae4741b078f3880b1087b975c4d97589f3c2d54f03b66d523,model.layers.25.self_attn.q_proj,,True,lora_B,
9f6efe8ad18157ff60f4212baa2114de68df7e810ffc9641007b98baffb168a7,randopt_seed1019282515_s0.0075_pos,factor_gaussian_lora:seed1019282515:s0.0075:sign1,,6b9aad3bd4f906dfb09560c39be9d139bec107a97e27623067dabd471ba2d9d6,model.layers.25.self_attn.v_proj,,False,lora_A,
2b39cc8d1664a8530e87a081e682fba172c61f5e65afb1a5e88e43120333fb36,randopt_seed1019282515_s0.0075_pos,factor_gaussian_lora:seed1019282515:s0.0075:sign1,,5e4fbbfa6774cb4686fe12389323ff711d9d741265b65563c34e79974e4d8c0b,model.layers.25.self_attn.v_proj,,False,lora_B,
dc5d10156db5c09c499444fdf5dbd9a67b1c871f7c32ed74bb3e73187ea64100,randopt_seed1019282515_s0.0075_pos,factor_gaussian_lora:seed1019282515:s0.0075:sign1,,816d5def9fbf4d29a4c30c3cae8c7cba99fa0e5ed61a885ade011bc44661c9f7,model.layers.26.self_attn.q_proj,,False,lora_A,
d51c1a4e2b8cfbd902b24120524a5f89ada30d489bdd7f95916558c3cc75d422,randopt_seed1019282515_s0.0075_pos,factor_gaussian_lora:seed1019282515:s0.0075:sign1,,4024429c2c3867b8000a2f5d6069ecdf0753e4bd30473092d4c5b0e02c2ae3d2,model.layers.26.self_attn.q_proj,,False,lora_B,
71b19c6e2d81f87547a9cfae45cb7917e65cbc1143aac10c77b5e7cc32d37dea,randopt_seed1019282515_s0.0075_pos,factor_gaussian_lora:seed1019282515:s0.0075:sign1,,820d160dcb43e57e87ceee6858f63ea865994cd594cfe3b218bd9dccf6c7e361,model.layers.26.self_attn.v_proj,,False,lora_A,
09050057c385fa95053b45abbfb2a90583b18bbc131ca87ba8af44463bcbd2a7,randopt_seed1019282515_s0.0075_pos,factor_gaussian_lora:seed1019282515:s0.0075:sign1,,09050057c385fa95053b45abbfb2a90583b18bbc131ca87ba8af44463bcbd2a7,model.layers.26.self_attn.v_proj,,True,lora_B,
6ae03f9f59743fdd3deb4d011fa1329575024930f1448bb93e7efde926f002d8,randopt_seed1019282515_s0.0075_pos,factor_gaussian_lora:seed1019282515:s0.0075:sign1,,6ae03f9f59743fdd3deb4d011fa1329575024930f1448bb93e7efde926f002d8,model.layers.27.self_attn.q_proj,,True,lora_A,
218494ab5d1a0135b3575a966fb5d37115464268a5e5e1ec62419eaa77760f66,randopt_seed1019282515_s0.0075_pos,factor_gaussian_lora:seed1019282515:s0.0075:sign1,,11879f895a22a7427ae90580f29d86550730193a03eb45b8ebe3512ad9ae4fb3,model.layers.27.self_attn.q_proj,,False,lora_B,
7ee80fa1fae11075396db0077ac340fb650ddea393e883a7ceefb5a555d64b26,randopt_seed1019282515_s0.0075_pos,factor_gaussian_lora:seed1019282515:s0.0075:sign1,,0a654bfbc9e83bdb574a6d0456f24e48418d24b40a675bfd35b895a5d7745ff2,model.layers.27.self_attn.v_proj,,False,lora_A,
ebb5a0f533debf142a9f4b43d4e03a1015e87927ab40210e1e7849448b4fad76,randopt_seed1019282515_s0.0075_pos,factor_gaussian_lora:seed1019282515:s0.0075:sign1,,ebb5a0f533debf142a9f4b43d4e03a1015e87927ab40210e1e7849448b4fad76,model.layers.27.self_attn.v_proj,,True,lora_B,
f9d8a10063cc8afbebc42c6f85a6de15a013fe581e0a8356709840f330539044,randopt_seed1019282515_s0.0075_pos,factor_gaussian_lora:seed1019282515:s0.0075:sign1,,7596f2983ce1d427b3353fb49a6d8f85d6393f0aebb7b41cfac43b4508f44d2c,model.layers.28.self_attn.q_proj,,False,lora_A,
7edcb3e7e2a10a99462742d6ee25442d931fd0796565a0b96af9c0a2f4945fd6,randopt_seed1019282515_s0.0075_pos,factor_gaussian_lora:seed1019282515:s0.0075:sign1,,f2e13bc6b908f69b75a086aea66bc6f4d3c45e2413fddd2595d71206abab4ead,model.layers.28.self_attn.q_proj,,False,lora_B,
34e90e92ae6f5c0e57f30b7762781436c8c68eab2c38b2cf47082050b47e24f1,randopt_seed1019282515_s0.0075_pos,factor_gaussian_lora:seed1019282515:s0.0075:sign1,,18d4fd3d72d20cb84e2626cadadbfd92bd6c344cee2c7771d158c91d3ebe58aa,model.layers.28.self_attn.v_proj,,False,lora_A,
0ba386235ac643fef9a82492cf4076c60df1ee554251728165a63182377df919,randopt_seed1019282515_s0.0075_pos,factor_gaussian_lora:seed1019282515:s0.0075:sign1,,0ba386235ac643fef9a82492cf4076c60df1ee554251728165a63182377df919,model.layers.28.self_attn.v_proj,,True,lora_B,
102163c368c6bb0db9f219aadd7de1463e17d928303f3aa62bc2e0c6f0881e35,randopt_seed1019282515_s0.0075_pos,factor_gaussian_lora:seed1019282515:s0.0075:sign1,,19e9faa2fde9d85c47d949ad274b46de7f1a7ccd8ade19bab16f0b922c85f75a,model.layers.29.self_attn.q_proj,,False,lora_A,
9bdf244d9e23d07e3830d52239dcbf3da320a916429c8bb10f578997ae09a4d2,randopt_seed1019282515_s0.0075_pos,factor_gaussian_lora:seed1019282515:s0.0075:sign1,,0d7d628eafad60b7ad75a0398a0f87780fa03fed63d775840e6c75d98575ace8,model.layers.29.self_attn.q_proj,,False,lora_B,
b0d30df674057623fd33a3bf9b3b5f8dc6faf005bdd0b52c17dc380e766df77f,randopt_seed1019282515_s0.0075_pos,factor_gaussian_lora:seed1019282515:s0.0075:sign1,,b0d30df674057623fd33a3bf9b3b5f8dc6faf005bdd0b52c17dc380e766df77f,model.layers.29.self_attn.v_proj,,True,lora_A,
c386e383f9baa117335f7900c2d0ee6bd880623e6bcfb6a30cf05afad56b76a2,randopt_seed1019282515_s0.0075_pos,factor_gaussian_lora:seed1019282515:s0.0075:sign1,,c386e383f9baa117335f7900c2d0ee6bd880623e6bcfb6a30cf05afad56b76a2,model.layers.29.self_attn.v_proj,,True,lora_B,
0917021757d9c39f520ab9ededb39f3b18144e74afb80850a1dfde9a3a265c8d,randopt_seed1019282515_s0.0075_pos,factor_gaussian_lora:seed1019282515:s0.0075:sign1,,5cfd10b9023f96a3417d4e8e9e0a80622dcd6853393182ce5ef6c62fbfb2deb2,model.layers.30.self_attn.q_proj,,False,lora_A,
7fdd21df753824d81abf737b91694dfbe9ae03b4b3909a755fe1764436f78244,randopt_seed1019282515_s0.0075_pos,factor_gaussian_lora:seed1019282515:s0.0075:sign1,,0288d141852c56d41c1e4c025bd689f3f587f6d012a3d094f84c7bee83e69339,model.layers.30.self_attn.q_proj,,False,lora_B,
fc0e838c9a58df2c77d179a054aa48edefac77e5243f26f0efd78f813064bae0,randopt_seed1019282515_s0.0075_pos,factor_gaussian_lora:seed1019282515:s0.0075:sign1,,e395d0cf25337d0696eb2b2812649a8417fac0ca51ac69f766ae106e80155336,model.layers.30.self_attn.v_proj,,False,lora_A,
3c404254d89d40d4cf24648d19bdb0982e640921ba3a525defe1766bd26e3d69,randopt_seed1019282515_s0.0075_pos,factor_gaussian_lora:seed1019282515:s0.0075:sign1,,3c404254d89d40d4cf24648d19bdb0982e640921ba3a525defe1766bd26e3d69,model.layers.30.self_attn.v_proj,,True,lora_B,
818100f6a63475c348da629511a8b80b3b6c469ed87a5ba9000c88ba11ae3c47,randopt_seed1019282515_s0.0075_pos,factor_gaussian_lora:seed1019282515:s0.0075:sign1,,8c7ccc0514b3856e8f2a84090ada162e7317f1849474840ce0e31333db65dc20,model.layers.31.self_attn.q_proj,,False,lora_A,
9ff126e50db340123f04fa79e0dc1ac83aa2ab6a67ec82b97e5efaa5a56b5f5d,randopt_seed1019282515_s0.0075_pos,factor_gaussian_lora:seed1019282515:s0.0075:sign1,,08ddaeab46da9a449a6c017fc1a0790abe5d0ab45b34aeb77b0bbd8b8afa6f73,model.layers.31.self_attn.q_proj,,False,lora_B,
56ebce394660e4c3cebceb90b5e99333ceb3596d1e6681ab295272adc00597b1,randopt_seed1019282515_s0.0075_pos,factor_gaussian_lora:seed1019282515:s0.0075:sign1,,56ebce394660e4c3cebceb90b5e99333ceb3596d1e6681ab295272adc00597b1,model.layers.31.self_attn.v_proj,,True,lora_A,
ef714c129784ced3911e29d8c1776f58e8e756a5164c75b580d0d856b356b7c1,randopt_seed1019282515_s0.0075_pos,factor_gaussian_lora:seed1019282515:s0.0075:sign1,,ef714c129784ced3911e29d8c1776f58e8e756a5164c75b580d0d856b356b7c1,model.layers.31.self_attn.v_proj,,True,lora_B,
d37db26d80ed30c555a3aee3f66143c5989840c58cda9a0abaf16c19a83b2489,randopt_seed1019282515_s0.0075_pos,factor_gaussian_lora:seed1019282515:s0.0075:sign1,,75b111023ef4a5f8f42fadd88841b388947fc6dacd5327632a7f6cafdf5f1575,model.layers.32.self_attn.q_proj,,False,lora_A,
7fec1c229e09c74982190462608c2b974f8040574ccf04dca2d830c940dbe577,randopt_seed1019282515_s0.0075_pos,factor_gaussian_lora:seed1019282515:s0.0075:sign1,,9a005368d9469e337586dbfb7b16a19906f59044cb98b6a3c5b43763b7bed36a,model.layers.32.self_attn.q_proj,,False,lora_B,
f423ac85af759b91e7723890b8dba96b00dfb86bd116a495b495bc28b5cefbfd,randopt_seed1019282515_s0.0075_pos,factor_gaussian_lora:seed1019282515:s0.0075:sign1,,83e67ccfd6c9f25cda62d84f8e69c91f3dc8e3d389964872cff4354b62e1a55e,model.layers.32.self_attn.v_proj,,False,lora_A,
05f2391a5ddcaa0fbd3fc2aee769eb8b11aff255bc9c6d4937e9030d3128bc87,randopt_seed1019282515_s0.0075_pos,factor_gaussian_lora:seed1019282515:s0.0075:sign1,,05f2391a5ddcaa0fbd3fc2aee769eb8b11aff255bc9c6d4937e9030d3128bc87,model.layers.32.self_attn.v_proj,,True,lora_B,
5b7bcdc9d38d153b2d901d6118bc179df655593464d3a8a460069d407ce1a95c,randopt_seed1019282515_s0.0075_pos,factor_gaussian_lora:seed1019282515:s0.0075:sign1,,1b55ff461be52c639d365d3597350d6bd7d5248934f846fb0ae7c413399cd9fb,model.layers.33.self_attn.q_proj,,False,lora_A,
92105f40d517d7a7ee7f705103c4bc8d56b20ac0ad40e023f9c8429bdba99151,randopt_seed1019282515_s0.0075_pos,factor_gaussian_lora:seed1019282515:s0.0075:sign1,,f07c83e6757eee8f4b34fdf2e2f53d97a7ff4a6e61e89e65767b4c409ebcc9da,model.layers.33.self_attn.q_proj,,False,lora_B,
0758cb3cded58bc723f867327f977546d9472ec011497239f6c609aa9c2dd79f,randopt_seed1019282515_s0.0075_pos,factor_gaussian_lora:seed1019282515:s0.0075:sign1,,fcc67ef51615b91b9434eadd8949bd4b7eeb7790f7aea325c2eb1a894db150a1,model.layers.33.self_attn.v_proj,,False,lora_A,
033062b8dccfe68246c449f902a297d38d1880547e38051793ed58797d4f0924,randopt_seed1019282515_s0.0075_pos,factor_gaussian_lora:seed1019282515:s0.0075:sign1,,033062b8dccfe68246c449f902a297d38d1880547e38051793ed58797d4f0924,model.layers.33.self_attn.v_proj,,True,lora_B,
b32aa7935c86687ec7a7be5956c794636ab3cdc8d5df48d2e413b5d34c2eb619,randopt_seed1019282515_s0.0075_pos,factor_gaussian_lora:seed1019282515:s0.0075:sign1,,06f6b6b2ba4947fffd1e96fff2d08ab30223e516dc8c26dbdb93deba9a7fd3a6,model.layers.34.self_attn.q_proj,,False,lora_A,
76cb5e1aeae1d0dff96983fa5443a64fc0a54160392f259764a284ba005e3c86,randopt_seed1019282515_s0.0075_pos,factor_gaussian_lora:seed1019282515:s0.0075:sign1,,76cb5e1aeae1d0dff96983fa5443a64fc0a54160392f259764a284ba005e3c86,model.layers.34.self_attn.q_proj,,True,lora_B,
6fb467029976b92525f9e9a78357bb48ccc3a6ebabbcf9f5ce4c4d1663e7cf67,randopt_seed1019282515_s0.0075_pos,factor_gaussian_lora:seed1019282515:s0.0075:sign1,,a004f3e3f1158a819a7fdd4f79a1fbb59a134ffa0e83cd185293a55de5685c11,model.layers.34.self_attn.v_proj,,False,lora_A,
a5b24fbbfef3435ce7a841ba435e25b646d00fe63ebc35cad983389ce203bb94,randopt_seed1019282515_s0.0075_pos,factor_gaussian_lora:seed1019282515:s0.0075:sign1,,a5b24fbbfef3435ce7a841ba435e25b646d00fe63ebc35cad983389ce203bb94,model.layers.34.self_attn.v_proj,,True,lora_B,
5861c438e0682cef86d6c0db717406ee9b9f4c840780d820741600ec9f43b6df,randopt_seed1019282515_s0.0075_pos,factor_gaussian_lora:seed1019282515:s0.0075:sign1,,5861c438e0682cef86d6c0db717406ee9b9f4c840780d820741600ec9f43b6df,model.layers.35.self_attn.q_proj,,True,lora_A,
a873d85a783daea50509a0841df216427bff458d7cb147d682ce8b435bc2776c,randopt_seed1019282515_s0.0075_pos,factor_gaussian_lora:seed1019282515:s0.0075:sign1,,a2ed0e4327e54860e152e026c86294cbf485d754b08b66e34f9963ac3a7e486c,model.layers.35.self_attn.q_proj,,False,lora_B,
95c369d7166ea0b85be2f964796fd963bc927678d70866c67eb9570de0e26154,randopt_seed1019282515_s0.0075_pos,factor_gaussian_lora:seed1019282515:s0.0075:sign1,,6b21bf5c55362ec6655271e9f36bd721d9ceaa7964dbc96602098eccb310db7f,model.layers.35.self_attn.v_proj,,False,lora_A,
2837812bf815773c526d568fce468dbc2d0cbe5a1c1b57bf75dedc31c5f34d31,randopt_seed1019282515_s0.0075_pos,factor_gaussian_lora:seed1019282515:s0.0075:sign1,,2837812bf815773c526d568fce468dbc2d0cbe5a1c1b57bf75dedc31c5f34d31,model.layers.35.self_attn.v_proj,,True,lora_B,
090ba5b6a7d337e2f80dfa558f05fcaf4ea4b274f75f831e6e42666df3dd8874,randopt_seed1019282515_s0.0075_neg,factor_gaussian_lora:seed1019282515:s0.0075:sign-1,,75f7a69aba6fe499a43354111fd65c041d1d3de363f156137ce9f4d049071b79,model.layers.0.self_attn.q_proj,,False,lora_A,
47bca2b305b7a9f9bb6931ec31664ba849c4d65c0e1007080b9ac101143fe59b,randopt_seed1019282515_s0.0075_neg,factor_gaussian_lora:seed1019282515:s0.0075:sign-1,,66022f5081d15bee9b06e26de46586abcd025a386126de33e4b6e43c18745dd8,model.layers.0.self_attn.q_proj,,False,lora_B,
16ee148ee9449e1f49fa50b2e28de32c8cbe9a355ed26b0f27f1644870df8513,randopt_seed1019282515_s0.0075_neg,factor_gaussian_lora:seed1019282515:s0.0075:sign-1,,cca547bc6190a45f29987c84ab73354a6a616d505c51671c3ed5d20eab4fed2c,model.layers.0.self_attn.v_proj,,False,lora_A,
4e96ce35b9508f42e0a9be28d1c6ed81f89a198f9d31f40743224dc865fbb94d,randopt_seed1019282515_s0.0075_neg,factor_gaussian_lora:seed1019282515:s0.0075:sign-1,,2c5622c2b3e606fe57508ad20f649b50a7514b5b81c5e34799a6e916fc5fcb48,model.layers.0.self_attn.v_proj,,False,lora_B,
b5c31a2759c0bf6315476dbb581766e066ff869d04841476f8011fdaa085e530,randopt_seed1019282515_s0.0075_neg,factor_gaussian_lora:seed1019282515:s0.0075:sign-1,,f9fbcdf7df08c2f3d8765914089d0cefcb49005deb3a48731c8d9d5842bd6f89,model.layers.1.self_attn.q_proj,,False,lora_A,
4cdaaa9910ad32b9802c6406c8e387d2473bbd73ea00b7125f95e73e98c0d9b8,randopt_seed1019282515_s0.0075_neg,factor_gaussian_lora:seed1019282515:s0.0075:sign-1,,033ec584a8c681153eb3eb26eec0cd507c7fbf4e6e9f952f8bd5ea7db02a479c,model.layers.1.self_attn.q_proj,,False,lora_B,
d9b22f963e38c6ed0eeeb46fb12b51cb1908ba86321e6f98866d657b5662d15c,randopt_seed1019282515_s0.0075_neg,factor_gaussian_lora:seed1019282515:s0.0075:sign-1,,6301929d4ec07c2b5f684b3be93bae5f7ff1a1ede2c77d259b4c12a9bb7f122a,model.layers.1.self_attn.v_proj,,False,lora_A,
8ac5a4f027f26fc01cf3f5f8e6aec09b7f41cb547e962eedddec67e1a63ba1ab,randopt_seed1019282515_s0.0075_neg,factor_gaussian_lora:seed1019282515:s0.0075:sign-1,,8ac5a4f027f26fc01cf3f5f8e6aec09b7f41cb547e962eedddec67e1a63ba1ab,model.layers.1.self_attn.v_proj,,True,lora_B,
5d39bdec51888be2a347b84d089d60bf13a6d3dcab07102e356e3310ab0234db,randopt_seed1019282515_s0.0075_neg,factor_gaussian_lora:seed1019282515:s0.0075:sign-1,,253e2706d01ff54db407b816136940dd9154adfe51384709398a7114323e6378,model.layers.2.self_attn.q_proj,,False,lora_A,
d1c17b31a6ff1267e443a6c7c9da65f78306b7e2cd3567b699ae2a7024cd48f8,randopt_seed1019282515_s0.0075_neg,factor_gaussian_lora:seed1019282515:s0.0075:sign-1,,d573b531828580ffb8a58c72d1906011fad997c6ad71a9fccb861c83d540a216,model.layers.2.self_attn.q_proj,,False,lora_B,
ff166a81244dc635c3a3062cf486e3ce8a0c35c20dcef766a4b94c95ef5831fc,randopt_seed1019282515_s0.0075_neg,factor_gaussian_lora:seed1019282515:s0.0075:sign-1,,445e05a685024ef3b1b2a16471aea4dbf41f2dbdd8bce0403387033c2b522aaf,model.layers.2.self_attn.v_proj,,False,lora_A,
700c3ed184ac21f3719550f1daa198e224e0cb31faef119f72bd1e5f089220da,randopt_seed1019282515_s0.0075_neg,factor_gaussian_lora:seed1019282515:s0.0075:sign-1,,ffa1c3ab0aee892c6a205acc400fb19f134802868e6a45fcdf67d2bb412a284c,model.layers.2.self_attn.v_proj,,False,lora_B,
34dea55e14f49d8d44ede734e5c6e1e72b2436f25cc6eee6fe7a610817ee46d2,randopt_seed1019282515_s0.0075_neg,factor_gaussian_lora:seed1019282515:s0.0075:sign-1,,99a92af87cad55f6b02602d333bbd400eb450f9dc7cd0bbd1415d718c94685d2,model.layers.3.self_attn.q_proj,,False,lora_A,
773f839356ca46fae2a4c6a748cde1133d8d5ec9c93211376ba0e66ff96adefb,randopt_seed1019282515_s0.0075_neg,factor_gaussian_lora:seed1019282515:s0.0075:sign-1,,2810dbb8dcc8343f341608a495f6c92b1558e8270965d9cb6e8eb00d1f8d3feb,model.layers.3.self_attn.q_proj,,False,lora_B,
c83c6536c76e57359e6b095a9020488d2d6ec73c9e2f873906ddd918223b2346,randopt_seed1019282515_s0.0075_neg,factor_gaussian_lora:seed1019282515:s0.0075:sign-1,,dc095cb27954a88c4d1a64769ef61e869bca85463f3f29466c8a739e5efc0fa9,model.layers.3.self_attn.v_proj,,False,lora_A,
0cb4c33edd12b763da4a7995e8dbeb71b48611cad61337b74494b0d67061bea2,randopt_seed1019282515_s0.0075_neg,factor_gaussian_lora:seed1019282515:s0.0075:sign-1,,0cb4c33edd12b763da4a7995e8dbeb71b48611cad61337b74494b0d67061bea2,model.layers.3.self_attn.v_proj,,True,lora_B,
bd8702ddb97451cd56e2cef37fef75aa73d7224b6d03daacc28f4672028513ff,randopt_seed1019282515_s0.0075_neg,factor_gaussian_lora:seed1019282515:s0.0075:sign-1,,663d8c3b2181bd9ac4875478aace1ad761f9d5875ffbcc285b855b3358b8ab8d,model.layers.4.self_attn.q_proj,,False,lora_A,
0cef9d2c9666cdd6f50e60d2f48f3fff25149c8b08182eb3869352028f0230eb,randopt_seed1019282515_s0.0075_neg,factor_gaussian_lora:seed1019282515:s0.0075:sign-1,,482b858640ee9e911ce2c2ee7aeb4330375c665777fa4e8516b8fedb0072f74c,model.layers.4.self_attn.q_proj,,False,lora_B,
bd5e776fbf6290397be65cc2c7aacea0840cf80d7fa1edf5641aedb3498a5fec,randopt_seed1019282515_s0.0075_neg,factor_gaussian_lora:seed1019282515:s0.0075:sign-1,,a4c27dc3640b5d5edbb9e7a1a0535b7285d7942e0ddc102f1239717235696992,model.layers.4.self_attn.v_proj,,False,lora_A,
d4a302c88557397e508c35f981f225b8f8421960d893079aacffb1448ed8a3a0,randopt_seed1019282515_s0.0075_neg,factor_gaussian_lora:seed1019282515:s0.0075:sign-1,,d4a302c88557397e508c35f981f225b8f8421960d893079aacffb1448ed8a3a0,model.layers.4.self_attn.v_proj,,True,lora_B,
db2bc8896c454a029ea4c0c72c1b293b6b0edaf4c3c4d2c3e88be43174bdc056,randopt_seed1019282515_s0.0075_neg,factor_gaussian_lora:seed1019282515:s0.0075:sign-1,,b8459fb2fcf12326bda9c49d4d2f1fcb31ff8903ad37bb9a7c64c9c5a5ddda29,model.layers.5.self_attn.q_proj,,False,lora_A,
dd495d4582e18fae366caa240a3b3422f08dde1bfa23a779e30a496cb71a28fe,randopt_seed1019282515_s0.0075_neg,factor_gaussian_lora:seed1019282515:s0.0075:sign-1,,d129e009cf0d863367ea31e7d375cc1b3d620598e599509af88d191544e1643c,model.layers.5.self_attn.q_proj,,False,lora_B,
d561383a20dde0b5af46d7eb341c1791d921487a3a9cfdb6e47601f89f31c425,randopt_seed1019282515_s0.0075_neg,factor_gaussian_lora:seed1019282515:s0.0075:sign-1,,32efd9ccb6a9e8e940f557fc0c1a4335a128cc0a4d166c92108bcb0bcac400e7,model.layers.5.self_attn.v_proj,,False,lora_A,
d3bc0188d50855509ff63eefdda45fa78c6988e2066561ede811aff4e40ef312,randopt_seed1019282515_s0.0075_neg,factor_gaussian_lora:seed1019282515:s0.0075:sign-1,,d3bc0188d50855509ff63eefdda45fa78c6988e2066561ede811aff4e40ef312,model.layers.5.self_attn.v_proj,,True,lora_B,
2f6fda395896b2c19e5ec21330e85237880f0796f6b8c826a55bafe0185fd59b,randopt_seed1019282515_s0.0075_neg,factor_gaussian_lora:seed1019282515:s0.0075:sign-1,,2e57669bf4b423f0f38277d70e48fa822af0291ae2c876fdf397a5e7817e74e3,model.layers.6.self_attn.q_proj,,False,lora_A,
5a0ce8434d63e868afa9cf12818d44be22a0851845918f1aae805a28b5599894,randopt_seed1019282515_s0.0075_neg,factor_gaussian_lora:seed1019282515:s0.0075:sign-1,,f5d2fbbfcc41181b80657c38a12b34f65d9df83934fe370330e29784ca62f567,model.layers.6.self_attn.q_proj,,False,lora_B,
9a8c5e907f3863247b48e482e4b6e48683dd7dc1c6f5089be9e6f477ad354c42,randopt_seed1019282515_s0.0075_neg,factor_gaussian_lora:seed1019282515:s0.0075:sign-1,,c147206f16e0ab637b03e0e58049b9e272bfaa67b3ea2c19b86ca1589ddf9bed,model.layers.6.self_attn.v_proj,,False,lora_A,
1206a7b4b370c964e4cabb5ac597342285b3115a3f8e1f074472e516f43125a5,randopt_seed1019282515_s0.0075_neg,factor_gaussian_lora:seed1019282515:s0.0075:sign-1,,1206a7b4b370c964e4cabb5ac597342285b3115a3f8e1f074472e516f43125a5,model.layers.6.self_attn.v_proj,,True,lora_B,
e44ccdccc3e90d1b27c581e65efbbe3e1bde47908a4a5db51d18166a4a702597,randopt_seed1019282515_s0.0075_neg,factor_gaussian_lora:seed1019282515:s0.0075:sign-1,,1861af16b15ea4bb4aa9aa5d9cff4e7a9ea797a5bde198f2b7ed9bc10ef31eaa,model.layers.7.self_attn.q_proj,,False,lora_A,
1e952c355b9627733bf5993df907eb32995c4af230cc54092f6d8d0aa5789f43,randopt_seed1019282515_s0.0075_neg,factor_gaussian_lora:seed1019282515:s0.0075:sign-1,,3c57e4b30f28220f5fdea6509a1d2f60bfad6bedfec34913166b86cb6781f7f6,model.layers.7.self_attn.q_proj,,False,lora_B,
256673f8a6562bc42f5f2558c485f3638176fb2fb31f6831783934eada503965,randopt_seed1019282515_s0.0075_neg,factor_gaussian_lora:seed1019282515:s0.0075:sign-1,,e5a29812d1c0f444e921c515eb00aba9da8bf1bae8085906275d968b1ee09aee,model.layers.7.self_attn.v_proj,,False,lora_A,
7a7d763440f839757ba87afe4b5f2c9ff2c36caf7d3d121d43db7cf8648e0479,randopt_seed1019282515_s0.0075_neg,factor_gaussian_lora:seed1019282515:s0.0075:sign-1,,7a7d763440f839757ba87afe4b5f2c9ff2c36caf7d3d121d43db7cf8648e0479,model.layers.7.self_attn.v_proj,,True,lora_B,
b3f827029cdad883d7ddaccf0f051130efe5dc0c27623213ff26170afaa5129c,randopt_seed1019282515_s0.0075_neg,factor_gaussian_lora:seed1019282515:s0.0075:sign-1,,3b8b61cb6bc7e49f931d6db7b9c2dd117de09bb8c3bbb8ffcfe2940102b6779b,model.layers.8.self_attn.q_proj,,False,lora_A,
aa8069cb55b283c8f92f90ce86e11cf3315e202ecb2c1b4137569a7d86176d8a,randopt_seed1019282515_s0.0075_neg,factor_gaussian_lora:seed1019282515:s0.0075:sign-1,,7e8f788563b2921a345ba67cc7bdb4aeea9eccb1b0b334ea4358f01693bb9681,model.layers.8.self_attn.q_proj,,False,lora_B,
9c92c38ae164cc0f37536f5ddbcf1a8b46236e854ab6571c6f9500771205bc31,randopt_seed1019282515_s0.0075_neg,factor_gaussian_lora:seed1019282515:s0.0075:sign-1,,72ab59c4dd4fb60a5a0a4ad3c34b343b97cdfe8c5b0417d8f281bb1c945815ac,model.layers.8.self_attn.v_proj,,False,lora_A,
0fcfb7bda9f553835c361c3f6e3f23ae0476cdb65b0be41a2821e1ba1ca890a4,randopt_seed1019282515_s0.0075_neg,factor_gaussian_lora:seed1019282515:s0.0075:sign-1,,0fcfb7bda9f553835c361c3f6e3f23ae0476cdb65b0be41a2821e1ba1ca890a4,model.layers.8.self_attn.v_proj,,True,lora_B,
d16168a992557ed5ff307abbfdc30a739e9360213ab377c5db910b131299a176,randopt_seed1019282515_s0.0075_neg,factor_gaussian_lora:seed1019282515:s0.0075:sign-1,,0a8a84e5cd6c597e1826c8b3ea1e3ffa2686bb650a6216cba19379ba40ef55b3,model.layers.9.self_attn.q_proj,,False,lora_A,
56eff80951c7ddc2d0c3cb034ff4959cb623ac238a68fd674cb9735d6120f7ed,randopt_seed1019282515_s0.0075_neg,factor_gaussian_lora:seed1019282515:s0.0075:sign-1,,0467f0032cbf4dbe7169eaca67e750b2a9a174414cc649997908d6e2d3c8151f,model.layers.9.self_attn.q_proj,,False,lora_B,
20c7eb40790e3e3b2da9800dcdc901162cb61fc6cdf2e1648ed1e769da56d414,randopt_seed1019282515_s0.0075_neg,factor_gaussian_lora:seed1019282515:s0.0075:sign-1,,6b49ea87ffefbdb94662d9da7f232c0dd4828401ab0a359eec4a4ea10e3f995f,model.layers.9.self_attn.v_proj,,False,lora_A,
40f9f3cc9551f5c94ca4746e7e3b7696ec30bea2379eaff2180890f737f351a1,randopt_seed1019282515_s0.0075_neg,factor_gaussian_lora:seed1019282515:s0.0075:sign-1,,5ab023599541f96cffcaf630176c6d1aaff18c0a86fd69eaba944388e6c611c3,model.layers.9.self_attn.v_proj,,False,lora_B,
0827001eb61e92d0c924c672582ff45677fc32ec1e8104eebee271a357e9d711,randopt_seed1019282515_s0.0075_neg,factor_gaussian_lora:seed1019282515:s0.0075:sign-1,,0827001eb61e92d0c924c672582ff45677fc32ec1e8104eebee271a357e9d711,model.layers.10.self_attn.q_proj,,True,lora_A,
3c7bd596c006d0332c297ab4b57fcfc158f78dfe96d46042bc91b1b193da53db,randopt_seed1019282515_s0.0075_neg,factor_gaussian_lora:seed1019282515:s0.0075:sign-1,,bf10184b00ffc1a92b4d12f246dca1436bde0ab71edc5273d2fadb32d5e9d0aa,model.layers.10.self_attn.q_proj,,False,lora_B,
776076b18b63908efe1dc3d6f870410f814ffa52699d60f427a7e9ed3b0a414d,randopt_seed1019282515_s0.0075_neg,factor_gaussian_lora:seed1019282515:s0.0075:sign-1,,776076b18b63908efe1dc3d6f870410f814ffa52699d60f427a7e9ed3b0a414d,model.layers.10.self_attn.v_proj,,True,lora_A,
802048ede9db342856188b49db283c1a4248f05474d2254d451eaab0b6477159,randopt_seed1019282515_s0.0075_neg,factor_gaussian_lora:seed1019282515:s0.0075:sign-1,,802048ede9db342856188b49db283c1a4248f05474d2254d451eaab0b6477159,model.layers.10.self_attn.v_proj,,True,lora_B,
f6161af1bd106b417349c73ccc78df76866f34d074b0a0d550d645b1fdd48016,randopt_seed1019282515_s0.0075_neg,factor_gaussian_lora:seed1019282515:s0.0075:sign-1,,ad6c611baed76957462a5ab4923bed7757c101eec0ae501a77d1d116f2eb71ad,model.layers.11.self_attn.q_proj,,False,lora_A,
2a4e900473c72d8b295cd45790beeb4a2b39161c773d4967f08d5e46c039d7dc,randopt_seed1019282515_s0.0075_neg,factor_gaussian_lora:seed1019282515:s0.0075:sign-1,,2549a76beb0f7e8d9dfad16c3f3db85b0d57f2033a5e1dd5da9164061d556933,model.layers.11.self_attn.q_proj,,False,lora_B,
a4cdfe591723aab272cb123b668b147fc7fe53efd0046b4b75a000b8bebb57e4,randopt_seed1019282515_s0.0075_neg,factor_gaussian_lora:seed1019282515:s0.0075:sign-1,,b639353f61adb8036664c7426f0230ccf15c265823852905aca33b11253a6f08,model.layers.11.self_attn.v_proj,,False,lora_A,
01481aa05b48e5254593d20e8c9af5d705d614dc157bd3f395bbcb6490c994b9,randopt_seed1019282515_s0.0075_neg,factor_gaussian_lora:seed1019282515:s0.0075:sign-1,,01481aa05b48e5254593d20e8c9af5d705d614dc157bd3f395bbcb6490c994b9,model.layers.11.self_attn.v_proj,,True,lora_B,
ddc6ed101c0071fa6884db7d594401f61eeaffc8cfa59bf5d3b36d46adf631ca,randopt_seed1019282515_s0.0075_neg,factor_gaussian_lora:seed1019282515:s0.0075:sign-1,,fca0a7e2ea6653461568f271a3ad1a2cc2cadcd57f2f713731ff9afe40269948,model.layers.12.self_attn.q_proj,,False,lora_A,
2f5d44b9b80f13e2979aeb39a8be77a672822af78afcbdb0a953d52656ad63fe,randopt_seed1019282515_s0.0075_neg,factor_gaussian_lora:seed1019282515:s0.0075:sign-1,,0cdc2e1f388394973bcbe1f97980fee9abe89bd5aac1806812919dfd000c7adf,model.layers.12.self_attn.q_proj,,False,lora_B,
682d13c8e225f9fedba05801806ca66c73a7f066c3d7e15029112668a453527d,randopt_seed1019282515_s0.0075_neg,factor_gaussian_lora:seed1019282515:s0.0075:sign-1,,ac2e451db0c7207e9f22fb3a4c7c5b75176536693c07fc37f8d5a4649acb5912,model.layers.12.self_attn.v_proj,,False,lora_A,
ed654c82a48476d3d5eaa2db651cd87d3380c8a0c7e0d96bf08b21c9a45cb6db,randopt_seed1019282515_s0.0075_neg,factor_gaussian_lora:seed1019282515:s0.0075:sign-1,,ed654c82a48476d3d5eaa2db651cd87d3380c8a0c7e0d96bf08b21c9a45cb6db,model.layers.12.self_attn.v_proj,,True,lora_B,
89c1354ba0ff6fc4400d2721d68e544f3a8c2c3f3fd02ce2d7db6c2e13126d1c,randopt_seed1019282515_s0.0075_neg,factor_gaussian_lora:seed1019282515:s0.0075:sign-1,,2f3cac0dd9a8e7d87b1492de1542639915caa480e9c26bd060936892ffb4c8c7,model.layers.13.self_attn.q_proj,,False,lora_A,
0cd2a220327df9f1da2ce027377273d8d3463ab6f935a66ec94b9a0545f12105,randopt_seed1019282515_s0.0075_neg,factor_gaussian_lora:seed1019282515:s0.0075:sign-1,,0cd2a220327df9f1da2ce027377273d8d3463ab6f935a66ec94b9a0545f12105,model.layers.13.self_attn.q_proj,,True,lora_B,
7929678e0d230aab3e254682ecd88000a413bd8bf09cd83ac42d76c07d14b751,randopt_seed1019282515_s0.0075_neg,factor_gaussian_lora:seed1019282515:s0.0075:sign-1,,cafacd3e0d385b7b22f288674cdebef17653597d937452138359ed901316ddcc,model.layers.13.self_attn.v_proj,,False,lora_A,
7e8ea514462cedfc9e80b5bd38583ecc307c259c5222d6a60086684f550ee6f8,randopt_seed1019282515_s0.0075_neg,factor_gaussian_lora:seed1019282515:s0.0075:sign-1,,7e8ea514462cedfc9e80b5bd38583ecc307c259c5222d6a60086684f550ee6f8,model.layers.13.self_attn.v_proj,,True,lora_B,
35b381dce4cb116986abe764e28877b7a0e287ab6a27fea9b5abb77a023a4b43,randopt_seed1019282515_s0.0075_neg,factor_gaussian_lora:seed1019282515:s0.0075:sign-1,,df2908e8e692aa7aa2f6c35315bc60542c6ade59e05fad695f5298578368359c,model.layers.14.self_attn.q_proj,,False,lora_A,
97d8a1d50ef61a377e0bf3911aafbc84b2d3fa73442747643c586f8b45800643,randopt_seed1019282515_s0.0075_neg,factor_gaussian_lora:seed1019282515:s0.0075:sign-1,,97d8a1d50ef61a377e0bf3911aafbc84b2d3fa73442747643c586f8b45800643,model.layers.14.self_attn.q_proj,,True,lora_B,
ffc0deb23046736a683ada61cd7d9a38f61659405f42da1bc22ac95d31d90826,randopt_seed1019282515_s0.0075_neg,factor_gaussian_lora:seed1019282515:s0.0075:sign-1,,ffc0deb23046736a683ada61cd7d9a38f61659405f42da1bc22ac95d31d90826,model.layers.14.self_attn.v_proj,,True,lora_A,
20c735f5b8a1a13523b9fdd13e4c14164559fa18b43d9bb8c568c7d61bc0bc02,randopt_seed1019282515_s0.0075_neg,factor_gaussian_lora:seed1019282515:s0.0075:sign-1,,20c735f5b8a1a13523b9fdd13e4c14164559fa18b43d9bb8c568c7d61bc0bc02,model.layers.14.self_attn.v_proj,,True,lora_B,
92e596f347ab09d306dd3545f4139be677db83b0f4b61a702487a80d0788cb3b,randopt_seed1019282515_s0.0075_neg,factor_gaussian_lora:seed1019282515:s0.0075:sign-1,,e90789f830125ad9b3b0447910d945cacf20f0afb47b0a2f532958a2f0dbd6a1,model.layers.15.self_attn.q_proj,,False,lora_A,
62d4507f1ccb9e282ece2457e6231314016704494118a312d1fa8ede40103a44,randopt_seed1019282515_s0.0075_neg,factor_gaussian_lora:seed1019282515:s0.0075:sign-1,,9b7d581bfa63a93f0a9fcc1fe9362985a073661e051289fd351b86d84270df13,model.layers.15.self_attn.q_proj,,False,lora_B,
137b4529b0b1bba61fc116f4d52a8eb566020c87a015010e17f9e0c879c6ac6e,randopt_seed1019282515_s0.0075_neg,factor_gaussian_lora:seed1019282515:s0.0075:sign-1,,3db390cf2fdddebad871a8ed8d61d906764074f4de5a73652f112be846ab886b,model.layers.15.self_attn.v_proj,,False,lora_A,
77af344a61d75485356b5d89bc07d5fd867936af579c4a1538e502262d8b4107,randopt_seed1019282515_s0.0075_neg,factor_gaussian_lora:seed1019282515:s0.0075:sign-1,,2397a3b4505c483b6cfc1a043f3d1529ea054e210a58e86730d20583df05932a,model.layers.15.self_attn.v_proj,,False,lora_B,
58bbcf5ab483093bc458603000e7ee6a29b9137ea959b298bef625c47c6a8e48,randopt_seed1019282515_s0.0075_neg,factor_gaussian_lora:seed1019282515:s0.0075:sign-1,,15a138d9beaeaf97fe5759ea7fc4f209840bf61d9a886404f3541536a7af21e1,model.layers.16.self_attn.q_proj,,False,lora_A,
fc317d438dad896899b6fdaa894016983094165281c263fcf15a797a921dd027,randopt_seed1019282515_s0.0075_neg,factor_gaussian_lora:seed1019282515:s0.0075:sign-1,,b1ef982f03ac2331983b5535100123c95f6f906ed31289c9b8113689f981bf72,model.layers.16.self_attn.q_proj,,False,lora_B,
ea900c95e3a8b4c71618448a35bc7b0d0b17c2944656953ab5032e9efaa527c6,randopt_seed1019282515_s0.0075_neg,factor_gaussian_lora:seed1019282515:s0.0075:sign-1,,a3acaf29c8741dc847b7732a9b92da6b7e4a83e222fe9cc3179070ce94c2c215,model.layers.16.self_attn.v_proj,,False,lora_A,
8c03ce1832ed826dc86c6a2276b60abae2153afa08e42d99246c7303116ac292,randopt_seed1019282515_s0.0075_neg,factor_gaussian_lora:seed1019282515:s0.0075:sign-1,,8c03ce1832ed826dc86c6a2276b60abae2153afa08e42d99246c7303116ac292,model.layers.16.self_attn.v_proj,,True,lora_B,
1432b018370c9e1fb30a74989a3c7c5f955ae7d93d1bd1af8ac904f76b6f603d,randopt_seed1019282515_s0.0075_neg,factor_gaussian_lora:seed1019282515:s0.0075:sign-1,,d9665d08828a4c72cfbdcbb84b8c6327245494b664666e35dce047eac6718d9a,model.layers.17.self_attn.q_proj,,False,lora_A,
ed9a450694d7d4c6795b4bf42b0f729b9759e811ccc83ea35a6ec6b1c3a168cb,randopt_seed1019282515_s0.0075_neg,factor_gaussian_lora:seed1019282515:s0.0075:sign-1,,25ea052d26ec7941889282ccfe29ee0bd9d5bc34864c10715fff38197a900dac,model.layers.17.self_attn.q_proj,,False,lora_B,
e14e661868b5191e3260c600a2af8a012a9e03d23c64d7aec3be008682124366,randopt_seed1019282515_s0.0075_neg,factor_gaussian_lora:seed1019282515:s0.0075:sign-1,,443173c627d47d2a436a55d5a3ecb3f8dfcd6530c5aee4801b088dcf7d48f2fc,model.layers.17.self_attn.v_proj,,False,lora_A,
7193ddf09d0e0636c51b9cd3f63ebdeed6aadd63474c8fc1488ed32b6e907967,randopt_seed1019282515_s0.0075_neg,factor_gaussian_lora:seed1019282515:s0.0075:sign-1,,7193ddf09d0e0636c51b9cd3f63ebdeed6aadd63474c8fc1488ed32b6e907967,model.layers.17.self_attn.v_proj,,True,lora_B,
d3d15796c71af07b3b3c713750619700f33d61911264dcef0370be01bf235cf9,randopt_seed1019282515_s0.0075_neg,factor_gaussian_lora:seed1019282515:s0.0075:sign-1,,ef76516471e7895403afdc258499a6efb25e9cbd414b4004ea33fb08fb90d0d1,model.layers.18.self_attn.q_proj,,False,lora_A,
d1bdfa88c3ae54819fabf4ebfd36ec4cc1aca110a934f5b6fbf055197b8aa94b,randopt_seed1019282515_s0.0075_neg,factor_gaussian_lora:seed1019282515:s0.0075:sign-1,,11235e63274eb4b21354e8db80ed30689cba697bce499f338ea299a90fe34bd9,model.layers.18.self_attn.q_proj,,False,lora_B,
9d191e76fae5fb2c46ce69592b2e08cd89751268d3b06faea3c363c3284047c7,randopt_seed1019282515_s0.0075_neg,factor_gaussian_lora:seed1019282515:s0.0075:sign-1,,9d191e76fae5fb2c46ce69592b2e08cd89751268d3b06faea3c363c3284047c7,model.layers.18.self_attn.v_proj,,True,lora_A,
283a8edf7ddf274e9fe20ecf6a973fdf3c7aa8f628861834e20e09d65cf7b60d,randopt_seed1019282515_s0.0075_neg,factor_gaussian_lora:seed1019282515:s0.0075:sign-1,,283a8edf7ddf274e9fe20ecf6a973fdf3c7aa8f628861834e20e09d65cf7b60d,model.layers.18.self_attn.v_proj,,True,lora_B,
57ac57d1cabc484444802f4d549294549794f35bf0d1a5ac20bb0168e679f11f,randopt_seed1019282515_s0.0075_neg,factor_gaussian_lora:seed1019282515:s0.0075:sign-1,,1b781bb4b91e671918c83ddb772f032f706e863820d3ce4c9f6f9418512c6d5c,model.layers.19.self_attn.q_proj,,False,lora_A,
172ab411995f6797e5246f99398c51a11d90696386b1e7ac1f54d53b20621717,randopt_seed1019282515_s0.0075_neg,factor_gaussian_lora:seed1019282515:s0.0075:sign-1,,ed4771035a174495a201103b1e99b29b464fce05161073bb5e8b2864ef5b1978,model.layers.19.self_attn.q_proj,,False,lora_B,
3b341311e4d5447270e5ee8b051aac9c4fe59f8f600559b9a51fb983cf81765e,randopt_seed1019282515_s0.0075_neg,factor_gaussian_lora:seed1019282515:s0.0075:sign-1,,3b341311e4d5447270e5ee8b051aac9c4fe59f8f600559b9a51fb983cf81765e,model.layers.19.self_attn.v_proj,,True,lora_A,
1fe456bc405db427ff45850af81c167a60dcdf0e93ff473baf8f68dc525da1cc,randopt_seed1019282515_s0.0075_neg,factor_gaussian_lora:seed1019282515:s0.0075:sign-1,,d0c4b411bd1a4f4866118b5c07a395f85690d9bc86f40ea9d03a973044f5620e,model.layers.19.self_attn.v_proj,,False,lora_B,
c91acf7275396c56cc8244626e4dd590574e1c8b671aed3a8a1e8b8bca6659cf,randopt_seed1019282515_s0.0075_neg,factor_gaussian_lora:seed1019282515:s0.0075:sign-1,,58aae7a358f4673b83f45c4e85b684a17ea1745379b0dcf9a31f892d645eb31e,model.layers.20.self_attn.q_proj,,False,lora_A,
5b4beec292f9d72c954a2b4245ebb306dd367f168f449759d2a13f9ecc4802d5,randopt_seed1019282515_s0.0075_neg,factor_gaussian_lora:seed1019282515:s0.0075:sign-1,,6fe37b590c64486bb6d7508cb0667af40a918f0c500181b2bdd234a1d86bb494,model.layers.20.self_attn.q_proj,,False,lora_B,
a1eea56d3ab0a52da2888ac61b1046ab1bbfd6589b75fd249ef01da52b1f6d38,randopt_seed1019282515_s0.0075_neg,factor_gaussian_lora:seed1019282515:s0.0075:sign-1,,747c6280962004d046a442cc69b8f06783672f5b94ee66c0b0e85e5f9358cd64,model.layers.20.self_attn.v_proj,,False,lora_A,
a7033f4fb6477d27688a0b851dcab8994acf85e91fa893df5c162063f311f0a8,randopt_seed1019282515_s0.0075_neg,factor_gaussian_lora:seed1019282515:s0.0075:sign-1,,d1c9c8f11a72bb7cd1601e180460091eb89d47c2d9de3baa7425ecf2e50412a2,model.layers.20.self_attn.v_proj,,False,lora_B,
d5c814b30ccf06b1c4074896662d8a27a67575f873268f04a3d7fbd999ef62fe,randopt_seed1019282515_s0.0075_neg,factor_gaussian_lora:seed1019282515:s0.0075:sign-1,,d46e33300d1d6a9f7b133c795fee18fa7dac426b0b144c974fddab5cfe52f598,model.layers.21.self_attn.q_proj,,False,lora_A,
e8dd9c2d49aa1da451941f9f75acbddf2f3885496170e52b113647cd2b650759,randopt_seed1019282515_s0.0075_neg,factor_gaussian_lora:seed1019282515:s0.0075:sign-1,,24c8fad3755a2409572b62be6b4ae2e835767dd459ad55732bc45bb91805da89,model.layers.21.self_attn.q_proj,,False,lora_B,
e2d5c6445f8dbee82548b00f8e21ca7f7cdcc8a8694cdeaa5ef2a4f468d8675a,randopt_seed1019282515_s0.0075_neg,factor_gaussian_lora:seed1019282515:s0.0075:sign-1,,cd35345957584ab3a148c2fe39fad4d017813db7af7389dbee849aaae7fa9d0f,model.layers.21.self_attn.v_proj,,False,lora_A,
9d57b30eb87f948f3be39f807e8600e7a737a3ef59bbc576b7af854b59b5e768,randopt_seed1019282515_s0.0075_neg,factor_gaussian_lora:seed1019282515:s0.0075:sign-1,,6a3b1b5f00135398ec18a39b9548e3cf428b587d289e9bf1265d6a1b35372469,model.layers.21.self_attn.v_proj,,False,lora_B,
9b500ff7965a04f6675c8bb448a7e31e7f3e9933e5fded7d851f6ccac604822d,randopt_seed1019282515_s0.0075_neg,factor_gaussian_lora:seed1019282515:s0.0075:sign-1,,7d5cf456cbef7761b43fc78a5b63d513153db35abb6a9ca3b427cb8108c9e567,model.layers.22.self_attn.q_proj,,False,lora_A,
886b5597bd723dea5dc613d4b2758ca61459c1544cd7cca2cd0db79173c23219,randopt_seed1019282515_s0.0075_neg,factor_gaussian_lora:seed1019282515:s0.0075:sign-1,,be39758c1638d2b08d47f9b35d02ea528b2b8a4c0959aa0e8ca8f8248e56095b,model.layers.22.self_attn.q_proj,,False,lora_B,
97791d067d92a058a9c130d2b8408df88e1a65bc84439eaaf6cd55caf42f4450,randopt_seed1019282515_s0.0075_neg,factor_gaussian_lora:seed1019282515:s0.0075:sign-1,,05cb2f4f3b64721c508137663762254ee81317e3354f696b7a41822ab21490e8,model.layers.22.self_attn.v_proj,,False,lora_A,
a8492d5999a8713f91a8fb57d88e29dabb16374d198af25a54fe336cf90b34b5,randopt_seed1019282515_s0.0075_neg,factor_gaussian_lora:seed1019282515:s0.0075:sign-1,,a8492d5999a8713f91a8fb57d88e29dabb16374d198af25a54fe336cf90b34b5,model.layers.22.self_attn.v_proj,,True,lora_B,
e2bb5a66cb486997082444236262eb61081beaf56b44c13ff2ba8a4a6e7a9946,randopt_seed1019282515_s0.0075_neg,factor_gaussian_lora:seed1019282515:s0.0075:sign-1,,6038604df5f97affaf03dcf0e2d6b934b24d5f646b417853985ebc4ac082cd0d,model.layers.23.self_attn.q_proj,,False,lora_A,
c6a26871b114b8a5f20d8f3041c8cc38063d2715af8c03bf67529bbeb43692d6,randopt_seed1019282515_s0.0075_neg,factor_gaussian_lora:seed1019282515:s0.0075:sign-1,,c6a26871b114b8a5f20d8f3041c8cc38063d2715af8c03bf67529bbeb43692d6,model.layers.23.self_attn.q_proj,,True,lora_B,
bbca6f2cb1d008f3d16d009f39b4ca2db781cadc9d2476a7ad19fb52584cd18f,randopt_seed1019282515_s0.0075_neg,factor_gaussian_lora:seed1019282515:s0.0075:sign-1,,93e89cb282d9e8050e0b49ecd41609f16f6379730c2f6c9f65e4ecfbed122074,model.layers.23.self_attn.v_proj,,False,lora_A,
f7f970e999030cb26560c8ceceee570ff548882f747883eb44e773369869fa8b,randopt_seed1019282515_s0.0075_neg,factor_gaussian_lora:seed1019282515:s0.0075:sign-1,,f7f970e999030cb26560c8ceceee570ff548882f747883eb44e773369869fa8b,model.layers.23.self_attn.v_proj,,True,lora_B,
f2c47917a1014f081cf66ad3f81bf0e92a64404a41837d4b7e696b71a62b6b63,randopt_seed1019282515_s0.0075_neg,factor_gaussian_lora:seed1019282515:s0.0075:sign-1,,f2c47917a1014f081cf66ad3f81bf0e92a64404a41837d4b7e696b71a62b6b63,model.layers.24.self_attn.q_proj,,True,lora_A,
451e4119fe490fa04a4049a827c2ce82bea71066f9c6a40695a530098a3654ec,randopt_seed1019282515_s0.0075_neg,factor_gaussian_lora:seed1019282515:s0.0075:sign-1,,6cb83f5c4cf5f03fd1e4f3045c1ab8c8bb619e88734b1c226dd52755d2732fc9,model.layers.24.self_attn.q_proj,,False,lora_B,
d2366c6a82320101df0f2b2987198bc6834fa01017009d0484cc3022f8fc680e,randopt_seed1019282515_s0.0075_neg,factor_gaussian_lora:seed1019282515:s0.0075:sign-1,,7b0b709026d657e759146abae2acc5db67a939d4073bb55bf44823df6d0ae92e,model.layers.24.self_attn.v_proj,,False,lora_A,
09620d0fd24b45aabdfbad02856f38865c0a452b50e0e4b7cc0bdae26e801475,randopt_seed1019282515_s0.0075_neg,factor_gaussian_lora:seed1019282515:s0.0075:sign-1,,ed01b1cc278f6be0aad6bd79057a9076c0a0483dbfb487031f048c96c523ec28,model.layers.24.self_attn.v_proj,,False,lora_B,
1a55868d1e49030c6bcb124f792510ada1296207a9e18a8a749ffa3db2c7ba05,randopt_seed1019282515_s0.0075_neg,factor_gaussian_lora:seed1019282515:s0.0075:sign-1,,1a2860c489d94aa8d78f92f670e5471cf96832deadcdc5a8cee803df623a224f,model.layers.25.self_attn.q_proj,,False,lora_A,
08d9b487615255eae4741b078f3880b1087b975c4d97589f3c2d54f03b66d523,randopt_seed1019282515_s0.0075_neg,factor_gaussian_lora:seed1019282515:s0.0075:sign-1,,08d9b487615255eae4741b078f3880b1087b975c4d97589f3c2d54f03b66d523,model.layers.25.self_attn.q_proj,,True,lora_B,
60912e41713291fe0f92c11f0177c77be941fc9d3b90042f3e820fd99b4dafcd,randopt_seed1019282515_s0.0075_neg,factor_gaussian_lora:seed1019282515:s0.0075:sign-1,,9a2a2031324bd88e7252d0368af644ccc9b61ba3d22e669eabaa4c0c1641078b,model.layers.25.self_attn.v_proj,,False,lora_A,
2b39cc8d1664a8530e87a081e682fba172c61f5e65afb1a5e88e43120333fb36,randopt_seed1019282515_s0.0075_neg,factor_gaussian_lora:seed1019282515:s0.0075:sign-1,,5e4fbbfa6774cb4686fe12389323ff711d9d741265b65563c34e79974e4d8c0b,model.layers.25.self_attn.v_proj,,False,lora_B,
108fe988c991743855adbec65a2c204b862bd0c8a85b99f7565ce679e1bd1602,randopt_seed1019282515_s0.0075_neg,factor_gaussian_lora:seed1019282515:s0.0075:sign-1,,c6ab18e5c2a583298ba38a1a5ca5dd227bd5f61e1fd4354798b1197efe967f64,model.layers.26.self_attn.q_proj,,False,lora_A,
d51c1a4e2b8cfbd902b24120524a5f89ada30d489bdd7f95916558c3cc75d422,randopt_seed1019282515_s0.0075_neg,factor_gaussian_lora:seed1019282515:s0.0075:sign-1,,4024429c2c3867b8000a2f5d6069ecdf0753e4bd30473092d4c5b0e02c2ae3d2,model.layers.26.self_attn.q_proj,,False,lora_B,
dfb44be56935f0aad940c84995a32d33cefc5761fdfe2453d52b57d771d5868a,randopt_seed1019282515_s0.0075_neg,factor_gaussian_lora:seed1019282515:s0.0075:sign-1,,553f8d62a8b18747b84f8d5252013077aed42b616c808f3d60d955d4df713154,model.layers.26.self_attn.v_proj,,False,lora_A,
09050057c385fa95053b45abbfb2a90583b18bbc131ca87ba8af44463bcbd2a7,randopt_seed1019282515_s0.0075_neg,factor_gaussian_lora:seed1019282515:s0.0075:sign-1,,09050057c385fa95053b45abbfb2a90583b18bbc131ca87ba8af44463bcbd2a7,model.layers.26.self_attn.v_proj,,True,lora_B,
4f36114bd7a5faf3d29ad81c2ca2cc138bfd1adcc7c7c7feb0bbf02cd5e3cbca,randopt_seed1019282515_s0.0075_neg,factor_gaussian_lora:seed1019282515:s0.0075:sign-1,,4f36114bd7a5faf3d29ad81c2ca2cc138bfd1adcc7c7c7feb0bbf02cd5e3cbca,model.layers.27.self_attn.q_proj,,True,lora_A,
218494ab5d1a0135b3575a966fb5d37115464268a5e5e1ec62419eaa77760f66,randopt_seed1019282515_s0.0075_neg,factor_gaussian_lora:seed1019282515:s0.0075:sign-1,,11879f895a22a7427ae90580f29d86550730193a03eb45b8ebe3512ad9ae4fb3,model.layers.27.self_attn.q_proj,,False,lora_B,
f40d6c18ee1b22ac87115cf34b263d6abf7799669b7b761ed0517de0424e202b,randopt_seed1019282515_s0.0075_neg,factor_gaussian_lora:seed1019282515:s0.0075:sign-1,,00e029a746c88a5ebd08bf668cd53d121c5b4c5cf9e29dafa794847c12f52932,model.layers.27.self_attn.v_proj,,False,lora_A,
ebb5a0f533debf142a9f4b43d4e03a1015e87927ab40210e1e7849448b4fad76,randopt_seed1019282515_s0.0075_neg,factor_gaussian_lora:seed1019282515:s0.0075:sign-1,,ebb5a0f533debf142a9f4b43d4e03a1015e87927ab40210e1e7849448b4fad76,model.layers.27.self_attn.v_proj,,True,lora_B,
,,0.0,output_diff.exact_disagreement_rate,,,,False,,0.0234375
,,0.0,output_diff.max_abs_exact_delta_by_candidate,,,,False,,0.125
,,0.0,output_diff.max_abs_cap_hit_delta_by_candidate,,,,False,,1.0
,,0.0,output_diff.max_abs_malformed_delta_by_candidate,,,,False,,0.5
,,0.99,output_diff.answer_equal_rate,,,,False,,0.67578125
